album_id,artist_id,album_name,album_popularity,releaste_date
1mgw5rbUS94uif2ce9QCf0,1sBkRIssrMs1AbVkOJbc7a,Port of Miami 2,70,2019-08-15
08XXyTmAv1vNghZS4p0ng2,1sBkRIssrMs1AbVkOJbc7a,Rather You Than Me,59,2017-03-17
5OQ46UiKltoHtHrGFXB1HI,1sBkRIssrMs1AbVkOJbc7a,Black Market (Deluxe),51,2015-12-04
7nOg3OdkfbwKqLX0FQxkir,1sBkRIssrMs1AbVkOJbc7a,Black Market,40,2015-12-04
5fwdtSABKLaSOMT3UhpWa7,1sBkRIssrMs1AbVkOJbc7a,Hood Billionaire (Deluxe),38,2014-11-24
6a4HHZe13SySfC50BGy8Hm,1sBkRIssrMs1AbVkOJbc7a,Mastermind (Deluxe),58,2014-01-01
75ROmPqjav9gpY7BcmR37Y,1sBkRIssrMs1AbVkOJbc7a,Mastermind (Deluxe),23,2014-01-01
1iTpsn4fbLlsdKDKFuUfsH,1sBkRIssrMs1AbVkOJbc7a,Mastermind,38,2014-01-01
4XxnttxKV0zFWKylg5LZ6h,1sBkRIssrMs1AbVkOJbc7a,Mastermind,24,2014-01-01
1YSb516nyR6ALY2ji1eCAV,1sBkRIssrMs1AbVkOJbc7a,God Forgives, I Don't (Deluxe Edition),56,2012-01-01
7qbUAnMt3SH0eDsu5xi2y4,1sBkRIssrMs1AbVkOJbc7a,God Forgives, I Don't,37,2012-01-01
0jipZxGtkTDHjVerLkzO80,1sBkRIssrMs1AbVkOJbc7a,Teflon Don,61,2010-01-01
1V7LkBaQoxo0wbd0iKkn5a,1sBkRIssrMs1AbVkOJbc7a,Deeper Than Rap,50,2009-01-01
5aLTYIjHs4gctDSfsNosvb,1sBkRIssrMs1AbVkOJbc7a,Rise To Power (Clean Version),15,2008-10-07
3DIGh7QbQEwtLCJ07P4XGa,1sBkRIssrMs1AbVkOJbc7a,Trilla,55,2008-01-01
42T8qfRs7jdpInsSk6nDJk,1sBkRIssrMs1AbVkOJbc7a,Port Of Miami,62,2006-01-01
6J2L9yEE4pF1qPvfVZeJUt,1sBkRIssrMs1AbVkOJbc7a,Turnpike Ike,26,2019-08-06
11aJHLZMcrwDkTHmmnmF0k,1sBkRIssrMs1AbVkOJbc7a,Gold Roses (feat. Drake),64,2019-07-26
2u29pL0PTNRoRHlkZkaTXK,1sBkRIssrMs1AbVkOJbc7a,BIG TYME,49,2019-07-02
0a7jB92VAx5XUNqvryHsox,1sBkRIssrMs1AbVkOJbc7a,Act a Fool,49,2019-06-21
4g1ZRSobMefqF6nelkgibi,246dkjvS1zLTtiykXe5h60,Hollywood's Bleeding,100,2019-09-06
3xiq77UtnlDXfcRz5IJu20,246dkjvS1zLTtiykXe5h60,Hollywood's Bleeding,68,2019-09-06
6trNtQUgC8cgbWcqoMYkOR,246dkjvS1zLTtiykXe5h60,beerbongs & bentleys,90,2018-04-27
5s0rmjP8XOPhP6HhqOhuyC,246dkjvS1zLTtiykXe5h60,Stoney (Deluxe),87,2016-12-09
3zAcZrky4QNM28YS0tHSYQ,246dkjvS1zLTtiykXe5h60,Stoney,56,2016-12-09
1Id3Zj9GMvi7dPj3u6cMNs,246dkjvS1zLTtiykXe5h60,Wow. (Remix),64,2019-03-15
5oL7DNAeNb3CzJ4AujYFlO,246dkjvS1zLTtiykXe5h60,Wow. (Instrumental),40,2019-03-14
7zoRgdMDAV1J7N4tfmnwtF,246dkjvS1zLTtiykXe5h60,rockstar (Remix),48,2017-12-08
3oeiU8nG5eDm5YPpDvK6eS,246dkjvS1zLTtiykXe5h60,Congratulations (Remix),49,2017-06-16
2FJ7ofXR92xTsE0v0kw8vL,0LyfQWJT6nXafLPZqxe9Of,GH VIP 2019,34,2019-10-24
6MA1WawISnOkFcGZMhX4mV,0LyfQWJT6nXafLPZqxe9Of,Europa FM 2019,32,2019-09-27
2ZoLcA4NMOjJGFKeANgNpF,6vXTefBL93Dj5IqAWq6OTv,Writing on the Wall (feat. Post Malone & Cardi B),77,2019-09-27
0urSxgSRruqI8ukIPldCsA,0LyfQWJT6nXafLPZqxe9Of,Megastar FM 2019 (Solo Temazos),21,2019-07-19
75oNJEw5IWsZMhaqZlR30n,0LyfQWJT6nXafLPZqxe9Of,Caribe 2019 + Disco Estrella Vol. 22,27,2019-06-14
1wRUbgaBbRf8aCFBc5JRPB,0LyfQWJT6nXafLPZqxe9Of,Disco Estrella Vol. 22 (Los Auténticos Éxitos Del Verano 2019),21,2019-06-14
1YgX8BWKleDlDeCOFklRfz,0QHgL1lAIqAw0HtD7YldmP,Father Of Asahd,77,2019-05-17
2AxOOszzPGtpcxeZQSoOZb,0LyfQWJT6nXafLPZqxe9Of,Superventas 2019,23,2019-05-10
3Yzs99VxLGitfinZiH7Hbx,0LyfQWJT6nXafLPZqxe9Of,GH DÚO,21,2019-03-15
3pOj4mmxL5MUwR1IR8LPzL,0LyfQWJT6nXafLPZqxe9Of,Spider-Man: Into the Spider-Verse (Deluxe Edition / Soundtrack From & Inspired By The Motion Picture),66,2019-02-22
1vaQwUom5fWnLNJDcabU01,43ZHCT0cAZBISjO8DG9PnE,The Best of The '68 Comeback Special,63,2019-02-15
47FalEKu0of8GExDtZBkxT,7d3WFRME3vBY2cgoP38RDo,Shelby,77,2019-03-01
0CuYNS755Ow710G2E7aLDE,7d3WFRME3vBY2cgoP38RDo,Life of a Dark Rose,79,2017-12-12
7EmDhM8QTri01yUqY4kjsB,7d3WFRME3vBY2cgoP38RDo,i (Lost Kings Remix),50,2019-10-24
4iFs8JSatV8IXiaAUfYprB,7d3WFRME3vBY2cgoP38RDo,More Money More Ice,57,2019-09-12
1hKrXHrn9HhV2wmoQrbfe7,7d3WFRME3vBY2cgoP38RDo,Magic,67,2019-07-24
4vhQa4uluJSTdzDfvVA6gR,7d3WFRME3vBY2cgoP38RDo,Magic,37,2019-07-23
1KAMWvCXd1j0OvX3bQIUhR,7d3WFRME3vBY2cgoP38RDo,Going Off,60,2019-07-20
7cQTAQhcItcmq2AkN56QqV,7d3WFRME3vBY2cgoP38RDo,Real Ties,57,2019-01-17
65pPHuT9fdYxwunLyRB5lc,7d3WFRME3vBY2cgoP38RDo,Opps Want Me Dead,57,2018-11-28
1kM4jZyiNXePdgH6BqDPOZ,3jj1msEuz9ltEGl9DTRgqP,Side Swipe,34,2018-09-01
5xjO9figXtoXIkcOfXkx53,7d3WFRME3vBY2cgoP38RDo,No Rest,59,2018-08-13
16r5us2UP8zWoZtNZTiZM3,7d3WFRME3vBY2cgoP38RDo,Red Roses (4B Remix),36,2018-07-27
3AUH2zQ2ywSUGTrRzKaODJ,7d3WFRME3vBY2cgoP38RDo,Red Roses (LIOHN's Tokyo Drift Remix),56,2018-07-25
6P9zGPjYykCXllrvOab7AY,7d3WFRME3vBY2cgoP38RDo,Red Roses (Sober Rob & Oshi Remix),44,2018-07-25
6uOA8iiIvadA9WkVNUt24A,7d3WFRME3vBY2cgoP38RDo,Welcome To The Rodeo,31,2018-07-20
5lWYyz0CKJMEAq5ZKFccGZ,7d3WFRME3vBY2cgoP38RDo,World Rage,53,2018-06-22
3ePXj0CUe57ImxD0g97CRd,7d3WFRME3vBY2cgoP38RDo,I Know You (feat. Yung Pinch),57,2018-05-31
0VXR3HSaSuA1Vunj06a4Vn,7d3WFRME3vBY2cgoP38RDo,Creeping (feat. Rich the Kid),65,2018-03-23
4AOvRoeyztCFVvue9TqMnM,7d3WFRME3vBY2cgoP38RDo,Pop Star,48,2018-03-05
6WRXWFeEuHKO11fRgMopzu,7d3WFRME3vBY2cgoP38RDo,Nowadays (feat. Landon Cube),58,2017-12-20
7fd7SEK25VS3gJAUgSwL6y,6oMuImdp5ZcFhWP0ESe6mG,Culture II,80,2018-01-26
2AvupjUeMnSffKEV05x222,6oMuImdp5ZcFhWP0ESe6mG,Culture,76,2017-01-27
7Hd1Gqx8xFRAnQOLHAZxn3,6oMuImdp5ZcFhWP0ESe6mG,YRN 2 (Young Rich Niggas 2),50,2016-10-14
4Rj8KShBw1IrBW3A7wsEmi,6oMuImdp5ZcFhWP0ESe6mG,MigoThuggin,35,2016-03-18
7qLM7egb40QyDHa3CknQqs,6oMuImdp5ZcFhWP0ESe6mG,Rich Shooters,31,2015-11-01
4R8gIy454OjbyRspuPu5A7,6oMuImdp5ZcFhWP0ESe6mG,Currency,32,2015-09-02
0sv4nM5FtA8Y3DrvG4CXH8,6oMuImdp5ZcFhWP0ESe6mG,Yung Rich Nation,52,2015-07-31
1h9pT06vbTQV9HmVBNRH1i,6oMuImdp5ZcFhWP0ESe6mG,Yung Rich Nation,33,2015-07-31
6r9ryZTveNqFVOmoN0LEum,13y7CgLHjMVRMDqxdx0Xdo,The Green Album,34,2015-06-09
7aF7wfJb578ttvRYTQsFUx,13y7CgLHjMVRMDqxdx0Xdo,The Green Album,4,2015-06-09
0ty5iwaiepWlGq8g0DKtEy,6oMuImdp5ZcFhWP0ESe6mG,Rich Ni**a Timeline,46,2014-11-05
56PJDByaunMWwCqs5rV3Nc,6oMuImdp5ZcFhWP0ESe6mG,No Label II,64,2014-06-03
7J6fSYFHb5Kgouc4Nr8SZg,6oMuImdp5ZcFhWP0ESe6mG,No Label,15,2013-07-30
70HXQp5RAjM37JHBuvL8Dg,6oMuImdp5ZcFhWP0ESe6mG,Juug Season,3,2013-07-30
2HuT5JdeK6QUrZqK6pTmnI,6oMuImdp5ZcFhWP0ESe6mG,No Label,27,2013-07-11
09psyBBxb8inMHpirWaaWM,6oMuImdp5ZcFhWP0ESe6mG,Juug Season,11,2013-07-10
4YmTZjHk8SmTFTiVMXBN1A,6oMuImdp5ZcFhWP0ESe6mG,Young Rich N*ggas,51,2013-07-09
3ZPy9VAhAgGHen0TIlWI7V,6oMuImdp5ZcFhWP0ESe6mG,Juug Season,24,2011-08-25
3UXeJSdcjjv1rzRztFhiL4,6oMuImdp5ZcFhWP0ESe6mG,Frosted Flakes,46,2019-08-14
1y1l71S4ZveVZQRuqcZk0u,6i392l38cR3uBPF0DbNs7S,Intro,55,2019-08-01
3fc97ZWLIMc1xawhxbKrh2,4IVAbR2w4JJNJDDRFP3E83,East Atlanta Love Letter,77,2018-09-14
7iwGw8ob3YLqZrbKzGFnHi,4IVAbR2w4JJNJDDRFP3E83,FREE 6LACK,74,2016-11-18
09VyQ2zwUx0EBKTJNBUZv1,68kEuyFKyqrdQQLLsmiatm,Yo Love (From "Queen & Slim: The Soundtrack"),25,2019-11-11
2F2fJCV7Jj33hPOLka8bN5,68kEuyFKyqrdQQLLsmiatm,Yo Love (From "Queen & Slim: The Soundtrack"),3,2019-11-11
3cwNClu6TT9TA8QKCqXq9J,0NIIxcxNHmOoyBx03SfTCD,Touch & Go,55,2019-11-07
4u7F9Zlbis1zjAcl3jbLbz,5REHfa3YDopGOzrxwTsPvH,How TF,44,2019-11-05
1Evi2cgfDQsxtakwjMcyIl,5REHfa3YDopGOzrxwTsPvH,How TF,12,2019-11-05
7IlfSnj2lhOWcwi5bBhgw4,1A9o3Ljt67pFZ89YtPPL5X,I Want You Around (feat. 6LACK) [Remix],48,2019-11-01
3EZ0ulSjw5p5jX7od6ASxb,2jJCk4fs0irQjjrG0Yo4I9,Easy (feat. 6LACK),50,2019-09-05
60XFy3v9MvZZBRcIVSYC3j,0NcPKaSNIHAM2RfioH9vMT,Prada Process (feat. 6LACK),49,2019-08-23
39g2Ja05Jgah0iO3TGI11f,4IVAbR2w4JJNJDDRFP3E83,Seasons (with Khalid),55,2019-08-09
6yYnbJJKEoTpvxUTZxfQUl,4oIGrMYn1N1xPNYVXcaEZJ,U Say (feat. 6LACK),57,2019-07-12
1XU6JtA1EFpNJkcv7AHVLt,3KedxarmBCyFBevnqQHy3P,Imported (with 6LACK) (Spanglish Version),38,2019-06-26
29vt4BpW3GYX7hHCbFkhfg,3KedxarmBCyFBevnqQHy3P,Imported (with 6LACK),67,2019-04-09
2H7CLWulZOueBe1Hjtznm1,1o2NpYGqHiCq7FoiYdyd1x,it's not u it's me,63,2019-03-01
2s7zlf3CgyhiCmVptCCJON,1o2NpYGqHiCq7FoiYdyd1x,it's not u it's me,21,2019-03-01
6wZXigN6FZl5FZUQxvGCTE,3sHS70DMNgPxRqx2fUNrRA,MUSHROOM CHOCOLATE (with 6LACK),46,2019-02-12
4j9EVqECBYHL0g9pUEOmIC,4IVAbR2w4JJNJDDRFP3E83,Unfair (Full Version) / Been A While,52,2018-12-21
1dFfgH9TAFJfUx6wdTkJOZ,4IVAbR2w4JJNJDDRFP3E83,Switch (DEVAULT Remix),50,2018-11-16
0vwWltI5IYadfWBU1A1gou,2cWZOOzeOm4WmBJRnD5R7I,Waves (feat. 6LACK),59,2018-11-15
31lHUoHC3P6BRFzKYLyRJO,7rkW85dBwwrJtlHRDkJDAC,Bad Habits (Deluxe),78,2019-03-26
1hTrdWpdPEeXHQWc9GmpxZ,7rkW85dBwwrJtlHRDkJDAC,RECKLESS,72,2018-05-18
6VFETcEfjilkAng073KLt9,7rkW85dBwwrJtlHRDkJDAC,Perfect Timing,70,2017-07-21
4JR29CNW14Zc4Z5vflxkoJ,7rkW85dBwwrJtlHRDkJDAC,NAV,71,2017-02-24
0ooNnSXqH1oTsHo34RO75q,7rkW85dBwwrJtlHRDkJDAC,Know Me,48,2018-11-02
0REw7AR4YxPCz2qs6F4Zmy,7rkW85dBwwrJtlHRDkJDAC,Freshman List,49,2018-03-16
3ZpAmjvMEsr7rsiTUbSS0W,7rkW85dBwwrJtlHRDkJDAC,Wanted You (feat. Lil Uzi Vert),57,2017-11-03
5mjSx6tdrXd47lNLP4TBGq,7rkW85dBwwrJtlHRDkJDAC,Call Me,23,2017-07-14
2IRjT8MhChDlsXCIJCZiTD,7rkW85dBwwrJtlHRDkJDAC,Perfect Timing (Intro),16,2017-07-14
08z3TBkVcyKBxKZzUmEYN2,2WInxWtfee6mRhUQUmIRAH,The Machine, Vol. 2,38,2019-11-01
6J41exElcUa6rK5SJmjV6S,6UCQYrcJ6wab6gnQ89OJFh,Music x Road,66,2019-08-23
4auDowlBHcHVLEFYBc6hbp,6UCQYrcJ6wab6gnQ89OJFh,Swerve (feat. Stefflon Don & NAV),28,2019-08-22
1bnHPO4dKK7IjvgrtVBcQh,50co4Is1HCEo8bhOyUWKpn,So Much Fun,88,2019-08-16
6UGajHeNjVlZN2I9LJhT2l,6WkUZyqghQei2G809wMKuZ,MISUNDERSTOOD,61,2019-07-24
2WrNHOba5u6P9S9xEboaUy,0YinUQ50QDB7ZxSCLyQ40k,Perfect Ten,84,2019-06-28
3JDiBSlLalqzv0GTEDRi8i,3uJx5SnOM59Li7lCxA3b29,Long Live Mexico,71,2019-06-14
0w3vYULUn9euGoClkYZpRQ,3JugPn0f37nRk6DP7k4xIM,Called It,35,2019-05-24
6I0jDRSSDD6tqGKiEa8aCF,1ZLO8d7zll1WeQJUHaxQer,BLO: The Movie,53,2019-05-03
6JhWUtJleBE134LiNWq2a6,2I9SLklAOG0vdMiUUMNxRl,88GLAM2.5,54,2019-04-12
6GDXnx6AUDGH0tpxXQX0Kn,1pPmIToKXyGdsCF6LmqLmI,The World Is Yours 2,73,2019-03-22
3IO8IPjwXuzPJnoaqkwYrj,0iEtIxbK0KxaSlF7G42ZOp,NOT ALL HEROES WEAR CAPES (Deluxe),80,2018-11-06
0llyIxX3nDC3hobbGibVZl,0c173mlxpT3dSFRgMO8XPh,Double Or Nothing (& Metro Boomin),66,2017-12-08
0MV1yCXcNNQBfwApqAVkH0,1URnnhqYAYcrqrcwql10ft,Without Warning,77,2017-10-30
6VFETcEfjilkAng073KLt9,7rkW85dBwwrJtlHRDkJDAC,Perfect Timing,70,2017-07-21
4I3EcXD4e3KcEoDJfFEZ5b,1URnnhqYAYcrqrcwql10ft,Savage Mode,71,2016-07-15
01hoD9mwYe3mH33y2g1Gkw,0iEtIxbK0KxaSlF7G42ZOp,19 & Boomin,35,2014-06-27
3byNvHu92LAVic5wWPjTXU,0iEtIxbK0KxaSlF7G42ZOp,19 & Boomin,30,2014-06-27
5sAMmOXr23KOxs2wwNp6xN,0c173mlxpT3dSFRgMO8XPh,Pull Up N Wreck (With Metro Boomin),40,2017-11-03
3B59OoKAFqhbnNogoZEDLN,0iEtIxbK0KxaSlF7G42ZOp,Blue Pill,44,2017-10-06
5mjSx6tdrXd47lNLP4TBGq,7rkW85dBwwrJtlHRDkJDAC,Call Me,23,2017-07-14
2IRjT8MhChDlsXCIJCZiTD,7rkW85dBwwrJtlHRDkJDAC,Perfect Timing (Intro),16,2017-07-14
4VXEIoFGEjhFMW7wYAvWSf,0iEtIxbK0KxaSlF7G42ZOp,No Complaints,55,2017-06-23
31DNY6Wh1KwZWnHrKfIcge,13QsttIeMOYi4ynVF4MxHA,New Designer,10,2016-07-03
5MzXKuMAn7DjzWnbngQuIv,0iEtIxbK0KxaSlF7G42ZOp,Chanel Vintage (feat. Future & Young Thug) - Single,11,2014-07-28
1ouI9Zw1upjregbkU62YeN,0iEtIxbK0KxaSlF7G42ZOp,Chanel Vintage (feat. Future & Young Thug) - Single,22,2014-07-28
4deOMAH3dPtOXlIRL8uch8,54QA4zjZDOyaLN8bVthBjP,Westside,41,2019-11-08
7La1e2X4YVS5QnaYvcGRaC,1RShPfeeYssFJ8EGep00bz,Dead Meat 2.0,29,2019-09-07
43hkpkG0td7h54eq39Zcm9,0LyfQWJT6nXafLPZqxe9Of,Hip Hop Cardio,39,2019-08-23
24UeJigGG0WqQfwUn57zKA,54QA4zjZDOyaLN8bVthBjP,Go Viral (feat. Future & Metro Boomin),53,2019-08-12
2kd8djDsRvRuFRpnk2DPPK,54QA4zjZDOyaLN8bVthBjP,Go Viral (feat. Future & Metro Boomin),19,2019-08-12
59zpaLOByFkJhc9D5Xqna9,6i392l38cR3uBPF0DbNs7S,Quality Control: Control The Streets Volume 2,80,2019-08-16
4Zj2n2ZiCXFY1iC3XrKa7j,6i392l38cR3uBPF0DbNs7S,Quality Control: Control The Streets Volume 1,46,2017-12-08
07Jvk8tGuaMhR4H72znlLJ,6i392l38cR3uBPF0DbNs7S,Quality Control: Control The Streets Volume 1,70,2017-12-08
19z8fbMaBbjvUtpRlJvEqc,6i392l38cR3uBPF0DbNs7S,Once Again,46,2019-08-09
1y1l71S4ZveVZQRuqcZk0u,6i392l38cR3uBPF0DbNs7S,Intro,55,2019-08-01
7mdB4ZccUmCC45eBG4wVAm,6i392l38cR3uBPF0DbNs7S,Longtime,39,2019-08-01
0ssH9wMngti9j73Rb9kcfO,6i392l38cR3uBPF0DbNs7S,Baby,74,2019-07-17
5SxAvNQjRSTJ3Y7Np180qY,6i392l38cR3uBPF0DbNs7S,Come On,44,2019-07-17
2z7uwu9pUc4KAGaDmVmOSD,6i392l38cR3uBPF0DbNs7S,Stripper Bowl,35,2019-06-20
5KUB5SrzL7i7vNlUFd0wXH,6i392l38cR3uBPF0DbNs7S,Leave Em Alone,62,2019-05-29
6GZ1LDBZX4XN0POESyg12X,6i392l38cR3uBPF0DbNs7S,Soakin Wet,32,2019-05-09
1rNVWhM8cdtm8UvRriUALG,6i392l38cR3uBPF0DbNs7S,Fu*k Dat Ni**a,25,2017-12-08
4dWvxwVt6HsU9OFRkjBzsz,6i392l38cR3uBPF0DbNs7S,On Me,45,2017-09-29
0APqzlZMtSH0RbuP17ahNI,6i392l38cR3uBPF0DbNs7S,Too Hotty (feat. Eurielle),27,2017-08-25
16V6bbVjAoPq4Fqff0TBwf,0LyfQWJT6nXafLPZqxe9Of,Kill Streak,32,2019-11-04
49qtFexRSVY48nI1b0DRdf,0LyfQWJT6nXafLPZqxe9Of,ATL Hip Hop Bangers,31,2019-10-18
6qpexn9C8OZof3fKj3iUu3,0LyfQWJT6nXafLPZqxe9Of,Naughty Bops,39,2019-10-04
43hkpkG0td7h54eq39Zcm9,0LyfQWJT6nXafLPZqxe9Of,Hip Hop Cardio,39,2019-08-23
2mpr4BrCt9uJlEyxgtl3Hj,6tQmUQ1aBbgQwEqXFjVwB6,Ain't Nuthin,10,2019-08-14
0rGh0vDWT69oIUvSd8doHJ,24TysayU0G7Wp3v85zpOmL,Bait,7,2019-08-14
0zicd2mBV8HTzSubByj4vP,4O15NlyKLIASxsJ0PrXPfz,Luv Is Rage 2 (Deluxe),73,2017-11-17
733e1ZfktLSwj96X5rsMeE,4O15NlyKLIASxsJ0PrXPfz,Luv Is Rage 2,81,2017-08-25
6LX75kNicFqjjiAOeZgN67,4O15NlyKLIASxsJ0PrXPfz,The Perfect LUV Tape,71,2016-08-10
7mgdTKTCdfnLoa1HXHvLYM,4O15NlyKLIASxsJ0PrXPfz,Lil Uzi Vert vs. The World,74,2016-05-27
5WrbKW1nRN4vSsu70uizxX,4O15NlyKLIASxsJ0PrXPfz,Luv Is Rage,67,2015-12-18
5UL4JeebFRM3CwLfk7ZAlh,0Cu32uCaqDJYQADOev92Et,Show U Off (feat. Lil Uzi Vert),42,2019-04-26
2WyjmS6PEAE2V9oh5So588,0Cu32uCaqDJYQADOev92Et,Show U Off (feat. Lil Uzi Vert),47,2019-04-26
49K82qcZN4u109e6Zw8io1,4O15NlyKLIASxsJ0PrXPfz,Sanguine Paradise,74,2019-04-09
7jV7IRYpTLmTJe7uZXZCZh,4O15NlyKLIASxsJ0PrXPfz,That's a Rack,66,2019-04-09
1BMfByaGjaWoSraUSfCQQh,5olrQpDroHT7sjmYWMLivy,420 in London,47,2018-10-02
64eE6FnNj7UJ9LEkN4EbvS,4O15NlyKLIASxsJ0PrXPfz,New Patek,65,2018-09-18
7hVFsGvQ1apmp4EAldMwID,0Y5tJX1MQlPlqiwlOH1tJY,Watch (feat. Lil Uzi Vert & Kanye West),61,2018-05-04
51HrCduoCfmUtzrYHf7onw,4O15NlyKLIASxsJ0PrXPfz,Sauce It Up,39,2018-02-16
0KaQCJshy3j3TKCu59Yh6X,77AiFEVeAVj2ORpC85QVJs,Smoke My Dope (with Steve Aoki & Lil Uzi Vert) (From Bright: The Album),33,2017-12-15
6x8tzop53PDl2tvjIXB9a0,4O15NlyKLIASxsJ0PrXPfz,The Way Life Goes (feat. Nicki Minaj & Oh Wonder) [Remix],53,2017-11-03
749Tz64P7CRASs0uiKIEGU,1ZLO8d7zll1WeQJUHaxQer,Zambamafoo,39,2017-07-31
7ud6EsFurWtzF3lzB8YqNI,4O15NlyKLIASxsJ0PrXPfz,Go Off,47,2017-03-03
2LLktilGbQD95Bqt6ZXJX7,713RoDl16muftBPRdCXGAX,We Rollin (feat. Lil Uzi Vert & Rome Fortune),23,2016-04-22
1kLcxp6VxnDTXgAPCFTeiy,4O15NlyKLIASxsJ0PrXPfz,Money Longer,31,2016-04-01
3TBDsoyXYFtAciT0bQjKDl,4O15NlyKLIASxsJ0PrXPfz,Count Dem Rolls (feat. Uzi Gang),36,2014
1GYVNOzwhx1nMcIJDogSNp,4MCBfE4596Uoi2O4DtmEMz,Death Race For Love,84,2019-03-08
6tkjU4Umpo79wwkgPMV3nZ,4MCBfE4596Uoi2O4DtmEMz,Goodbye & Good Riddance,87,2018-12-10
6P9PZjWXoCRF5b66BafPKY,1RyvyyTE3xzB2ZywiAwp0i,Future & Juice WRLD Present... WRLD ON DRUGS,76,2018-10-19
3t6Z2qoBVCS4NHNI25XECH,4MCBfE4596Uoi2O4DtmEMz,Bandit (with YoungBoy Never Broke Again),84,2019-10-04
712EvYeDkxcCJxkee5yWkb,4MCBfE4596Uoi2O4DtmEMz,Bandit (with YoungBoy Never Broke Again),54,2019-10-04
4cTqOOMaNXSWeskyib4pZ4,0X2BH1fck6amBIoJhDVmmJ,Hate Me (Snakehips Remix),49,2019-09-25
669dgT2kmrAMrrPaEEHWyE,5CiGnKThu5ctn9pBxv7DGa,Graduation (with Juice WRLD),72,2019-08-30
6e6RVFWdZaoTiLAZOCMnps,0X2BH1fck6amBIoJhDVmmJ,Hate Me (R3HAB Remix),59,2019-08-16
29FoTD5vBY3Fq1QWhbl3FM,0X2BH1fck6amBIoJhDVmmJ,Hate Me (with Juice WRLD),79,2019-06-26
53dPHVEHHiHZusK0l4q26R,3Nrfpe0tUJi4K4DXYWgMUX,All Night (BTS World Original Soundtrack) [Pt. 3],60,2019-06-21
6JFsisjpUarmCfG3lrfP4Q,26VFTg2z8YR0cCuwLzESi2,Without Me (with Juice WRLD),62,2019-01-09
1L5crFW0oLBfmg007gKzxx,5CiGnKThu5ctn9pBxv7DGa,Roses (with Juice WRLD feat. Brendon Urie),65,2018-12-05
7zfsq2Hboh0SZMcWo2ASkD,4MCBfE4596Uoi2O4DtmEMz,Legends,67,2018-06-22
2Md4nsKyIDbWFYrlvS9rKL,4MCBfE4596Uoi2O4DtmEMz,Rich And Blind,64,2018-06-22
2FJ7ofXR92xTsE0v0kw8vL,0LyfQWJT6nXafLPZqxe9Of,GH VIP 2019,34,2019-10-24
0zAXq7CQ2iF2P5Ud2ZpDKa,7uC8yor207bUZeH2sPLI6Q,The Winners,33,2019-09-27
4462gjWz3403IpdzqHBHvl,4Ga1P7PMIsmqEZqhYZQgDo,We Love You Tecca,58,2019-09-06
1I6FpscJIfwf4T56VxGVsB,4Ga1P7PMIsmqEZqhYZQgDo,We Love You Tecca,90,2019-08-30
1bnHPO4dKK7IjvgrtVBcQh,50co4Is1HCEo8bhOyUWKpn,So Much Fun,88,2019-08-16
3LgNJmZ4QPkSvdt9JB8Tb8,0LyfQWJT6nXafLPZqxe9Of,BTS WORLD (Original Soundtrack),67,2019-06-28
2DjfazR5N3TgXBQ7oVALA1,0VRj0yCOv2FXJNP47XQnx5,QUAVO HUNCHO,72,2018-10-12
6FED8aeieEnUWwQqAO9zT1,6extd4B6hl8VTmnlhpl2bY,Huncho Jack, Jack Huncho,72,2017-12-21
3YGBHF0AsDN2VHICXQj8pH,0VRj0yCOv2FXJNP47XQnx5,Quality Control Music,31,2017-11-10
2a6y0iANWmfh1nhaq4X09J,0VRj0yCOv2FXJNP47XQnx5,ATL,39,2017-06-23
5fzNN6EKHEZyqfBs4MFMrA,0VRj0yCOv2FXJNP47XQnx5,Double Trouble (Quavo feat. Meek Mill),41,2019-08-14
04FvpoMtidMYTKIl7XqYSk,5zB4FgmxvPsn1G4TeKO62C,A Million,40,2019-07-19
2Vr4RgQvp8DvEVcQUpjfAE,5zB4FgmxvPsn1G4TeKO62C,A Million,25,2019-07-19
3ohU7IZ0HmrTQd90Xqt3TH,3wyVrVrFCkukjdVIdirGVY,Pose To Do (feat. French Montana and Quavo),51,2019-07-19
37Rz3XLdW8ci3K4UslRaHs,2jku7tDXc6XoB6MO2hFuqg,Broke Leg (with Quavo & Tyga),60,2019-05-31
0oHUyB9lFZHnCaNEhWMHTt,0VRj0yCOv2FXJNP47XQnx5,Too Much Shaft (with Saweetie) [From Shaft: Original Motion Picture Soundtrack],31,2019-05-17
4uEqlHBpU35jPpYHTvcELq,7kwCkEJ384PWm0UQW3hxjS,Bacc At It Again,54,2019-03-15
4oMiA12pUkEghmi9mw9OAm,0VRj0yCOv2FXJNP47XQnx5,B U B B L E G U M,39,2018-08-10
6gQnUie7nF03zOG4HTqqbP,0VRj0yCOv2FXJNP47XQnx5,L A M B T A L K,45,2018-08-10
4XgTZqi7b25HmhO4wxrpWB,0VRj0yCOv2FXJNP47XQnx5,W O R K I N M E,57,2018-08-10
02drHFQa59AoJWU6DXSSjd,0QHgL1lAIqAw0HtD7YldmP,No Brainer,69,2018-07-27
6oeUSQqp8hFzy5VSFpwlri,7HkdQ0gt53LP4zmHsL0nap,Boo'd Up (with Nicki Minaj & Quavo) [Remix],45,2018-07-04
7ixZfHwD16W5yfPXZFyEKH,7CUFPNi1TU8RowpnFRSsZV,Réseaux,40,2018-04-27
4LMANShgWEJGRndfFJc6lz,1mceaxtjWdEmwoDVAlkC41,Wake Up & Cook Up,18,2017-12-08
3QL5SDLpu79KrQAW3jhJ8y,790FomKkXshlbRYZFtlgla,Ahora Me Llama (Remix),53,2017-10-06
3oeiU8nG5eDm5YPpDvK6eS,246dkjvS1zLTtiykXe5h60,Congratulations (Remix),49,2017-06-16
1bnHPO4dKK7IjvgrtVBcQh,50co4Is1HCEo8bhOyUWKpn,So Much Fun,88,2019-08-16
4OHfmMUq6xwCo8zfQuc9Rf,50co4Is1HCEo8bhOyUWKpn,Slime Language,66,2018-08-17
187UNqZ7MX3neMYkkevmdm,1RyvyyTE3xzB2ZywiAwp0i,SUPER SLIMEY,65,2017-10-20
51KZKzPd3OQT1r46a55VTt,50co4Is1HCEo8bhOyUWKpn,Beautiful Thugger Girls,69,2017-06-16
7EpUpNUkkEGnaCvkcn1j4H,50co4Is1HCEo8bhOyUWKpn,JEFFERY,64,2016-08-26
2z4c8M8aVzl7CTobIp36KF,50co4Is1HCEo8bhOyUWKpn,Slime Season 3,64,2016-03-25
4Rj8KShBw1IrBW3A7wsEmi,6oMuImdp5ZcFhWP0ESe6mG,MigoThuggin,35,2016-03-18
4sAB9WulPpnAcig7alDGTg,50co4Is1HCEo8bhOyUWKpn,I'm Up,55,2016-02-05
3etiSiRWBRUkJ4vMW2s3DK,50co4Is1HCEo8bhOyUWKpn,1017 Thug,32,2015-12-11
78loeIeCZcivfY7nSFUkzC,50co4Is1HCEo8bhOyUWKpn,1017 Thug,26,2015-12-11
0ZTiZtSpSm5Px4sVZQa0WR,13y7CgLHjMVRMDqxdx0Xdo,Young Thugger Mane La Flare,18,2015-12-11
3qIk608h23slt7KEqhEyj4,13y7CgLHjMVRMDqxdx0Xdo,Young Thugger Mane La Flare,32,2015-12-11
5yu0WHG7kYQuFA7GdOQL9Y,13y7CgLHjMVRMDqxdx0Xdo,The Purple Album,23,2015-06-09
0BsMZIueWsJLWng8A7sE8e,50co4Is1HCEo8bhOyUWKpn,Barter 6,63,2015-04-16
2ppw6DFuPFHi4EOGLxHX2F,5lHRUCqkQZCIWeX7xG4sYT,RG2,18,2015-02-23
7a3rhn1csJY4CbdqcQsMcy,50co4Is1HCEo8bhOyUWKpn,Brick Sqaud,27,2014-11-18
1ohvUqk3WHrOnRWnwyA4X6,50co4Is1HCEo8bhOyUWKpn,Ready for War,13,2014-08-15
6gALrQWLe3Z2cMMZvV4Dz7,50co4Is1HCEo8bhOyUWKpn,Street Is Watching (The Mix-Tape),34,2014
4k4w4MLXdY084qrbMGy9Sg,50co4Is1HCEo8bhOyUWKpn,I Came from Nothing 2,33,2011-12-20
7hXWMVDn9SVV7zNYiQGvWO,50co4Is1HCEo8bhOyUWKpn,Hot (Remix) [feat. Gunna and Travis Scott],76,2019-11-01
0RK6vpJWuCZpNWNdRJ8rpY,2jku7tDXc6XoB6MO2hFuqg,LoVE me NOw (ReLoAdeD),75,2018-10-26
4RQIHpmmapmEpOFNi2GvAB,2jku7tDXc6XoB6MO2hFuqg,MEMORIES DON'T DIE,67,2018-03-02
5tBOCi2TekXZ1IbrmlBZO4,2jku7tDXc6XoB6MO2hFuqg,I Told You,68,2016-08-19
6F8mOzZgINIIQDjCaegXH4,2jku7tDXc6XoB6MO2hFuqg,Jerry Sprunger (with T-Pain),64,2019-11-08
3c7jZnPFvxVVx2RGK5EDyN,2oZq6t5DkE2BdGbD6x8RXh,2 Cups,60,2019-09-25
0DBS0774L8jepyQVJ1rPQZ,2oZq6t5DkE2BdGbD6x8RXh,2 Cups,30,2019-09-25
6WGgawm700RjDIT7xvZBkm,67vv9AdRksCdxgcB40wKxF,Pull Up,45,2019-09-13
35m5NO6I4o9OGY1Hc7LUXN,0GM7qgcRCORpGnfcN2tCiB,Feel It Too,49,2019-09-06
4xOKqHPmVztXkOS7CSHcSN,0GM7qgcRCORpGnfcN2tCiB,Feel It Too (with Jessie Reyez & Tory Lanez),56,2019-09-06
2kznyvJ3wZGFCA1eYrjUC9,2jku7tDXc6XoB6MO2hFuqg,Forever,65,2019-07-19
36Awzpo9leaGlyCf5cIG87,2jku7tDXc6XoB6MO2hFuqg,Melee,52,2019-07-12
37Rz3XLdW8ci3K4UslRaHs,2jku7tDXc6XoB6MO2hFuqg,Broke Leg (with Quavo & Tyga),60,2019-05-31
0JDoNU0AZ54Ng8e2iPTKRs,2jku7tDXc6XoB6MO2hFuqg,Freaky,64,2019-03-15
5gj88AvRakDbbIUtC7cDzZ,2jku7tDXc6XoB6MO2hFuqg,TAlk tO Me (with Rich The Kid feat. Lil Wayne) [Remix],65,2018-11-27
0ddRkZjGcRWxyCQWkWF3UN,2jku7tDXc6XoB6MO2hFuqg,Pa Mi (with Ozuna),55,2018-06-08
65Vh8BvXHiJJGHDafE1sx0,2LZDXcxJWgsJfKXZv9a5eG,Miss You (Remixes),29,2018-04-06
5Q44tz5m4c6y4pG7VPjfj6,2LZDXcxJWgsJfKXZv9a5eG,Miss You (with Major Lazer & Tory Lanez),54,2018-01-16
4x2T0CZ0uxbA3Z6hL1Vq14,5olrQpDroHT7sjmYWMLivy,Canada Goose,46,2017-12-10
10NBbFywS7VyWL4fpAWd4N,2jku7tDXc6XoB6MO2hFuqg,I Sip,53,2017-11-16
2S6OdjUhLCzyNgpMPdoMc0,2jku7tDXc6XoB6MO2hFuqg,LUV (Snakehips Remix),31,2016-12-09
2FFSF7wM4kWUcKmJYQ4izI,6PXS4YHDkKvl1wkIl4V8DL,Bruce Wayne,40,2018-06-08
1wCr7zhB4lMa2vZVhu4ty6,6PXS4YHDkKvl1wkIl4V8DL,Fetty Wap,55,2015-09-25
0anV94U9gWqZLR72g2FXzI,6PXS4YHDkKvl1wkIl4V8DL,For My Fans,39,2015-09-25
2cYhrR6670xQFyx1Lf474S,658X86qMyJpSRY87oPvExU,Watch Out (feat. Fetty Wap),45,2019-11-01
6PSc7caJrncUQe5aewfW6z,6PXS4YHDkKvl1wkIl4V8DL,Brand New,49,2019-09-27
7pd4vm5v7r4uCcpErAUXDC,6PXS4YHDkKvl1wkIl4V8DL,Brand New,39,2019-09-26
0ZNDVHEPSJno1D7LnPSOar,6PXS4YHDkKvl1wkIl4V8DL,Zoo (feat. Tee Grizzley),48,2019-08-09
6udQgzYavJz1rg3fy7Od5O,6PXS4YHDkKvl1wkIl4V8DL,Birthday (feat. Monty),61,2019-06-07
1LP7TzTi9vKEtU2xt3Iw0J,6PXS4YHDkKvl1wkIl4V8DL,Birthday (feat. Monty),22,2019-06-07
4KXtIbLIzJ0x42t9TNsHlg,0jcl46xRBm9LKIwrKGQPE6,With U,27,2019-05-17
0WRz29Ho5CSmvoCDNQsHmX,6PXS4YHDkKvl1wkIl4V8DL,History,32,2019-02-18
55Tj3KAoZHbFYeQ0soUxpq,0UF5mrABjNwzMZ1WoyLCFi,CAN'T GET ENOUGH,23,2019-01-17
5M1z3wVRrUt7nHlQdUtWBn,0UF5mrABjNwzMZ1WoyLCFi,100k,16,2019-01-11
4RaGAl1ZHDwpKVpGu9Tt3U,6PXS4YHDkKvl1wkIl4V8DL,Trippin Baby,42,2019-01-07
22uCkAmewPKLBjDsOh4OJo,53VAKbI2fXRs1PwG6DVToP,Stoop Kids (feat. Fetty Wap),29,2018-09-28
5pEXuPZfDItGkyOPZ29htT,53VAKbI2fXRs1PwG6DVToP,Bodega Remix (feat. Fetty Wap),33,2018-08-24
1vCRlg0576ChhDVByOZSX5,3EiLUeyEcA6fbRPSHkG5kb,F.L.Y. (feat. Fetty Wap),23,2018-04-20
1LrINg0k55qp2SkpFBp1Eg,7DMveApC7UnC2NPfPvlHSU,Feels Great (feat. Fetty Wap & CVBZ) [BKAYE Remix],25,2018-02-16
1tDXJc4yRfjgCnENYtXjSo,7DMveApC7UnC2NPfPvlHSU,Feels Great (feat. Fetty Wap & CVBZ) [Party Pupils Remix],21,2018-01-26
5hCtxfbpoV2hUrR1nMcpeU,7gZfnEnfiaHzxARJ2LeXrf,KEKE,44,2018-01-14
4c2p3TdN7NcQfCXyueCNnC,6vXTefBL93Dj5IqAWq6OTv,Jungle Rules,74,2017-07-14
2r6t7ccmrPVSd2cQ4Hg5gi,6vXTefBL93Dj5IqAWq6OTv,Coke Boys (Deluxe Collectors Edition),58,2014-11-11
2Af2xpOLk0VzzJqmqtAW8T,6vXTefBL93Dj5IqAWq6OTv,Excuse My French (Deluxe),49,2013-01-01
4Mg0YgcE9AYYuvid82Ppub,6vXTefBL93Dj5IqAWq6OTv,Excuse My French,28,2013-01-01
0DlKjiwJm8Rf68PU24uyoL,6vXTefBL93Dj5IqAWq6OTv,Excuse My French,35,2013-01-01
3Lm9dt9CbCjXcs65CXXK8h,6vXTefBL93Dj5IqAWq6OTv,Excuse My French,4,2013-01-01
0viPskD4pyzBeuXTzsZPK8,6vXTefBL93Dj5IqAWq6OTv,Im a Motherfckin Coke Boy,17,2012-12-10
6To5QfUAWtSIYzIS9bqzMG,6vXTefBL93Dj5IqAWq6OTv,Dope Couture,12,2012-11-19
7KyWDnJ3lyCwq7IvF3qnRj,6vXTefBL93Dj5IqAWq6OTv,Coke Boys 3,34,2012-11-06
3jY530B68THqJUzx3uNLKa,6vXTefBL93Dj5IqAWq6OTv,Lock Out,30,2012
1dOMtl1MR3L3kxn9sgKbsv,6vXTefBL93Dj5IqAWq6OTv,Casino Life: Mr. 16,37,2011-02-16
5XO3AMoaPFcF3SSY8wMpmj,6vXTefBL93Dj5IqAWq6OTv,Coke Boys 2,31,2011
0hxTM6isophoY8wq5sjYg0,6vXTefBL93Dj5IqAWq6OTv,Casino Life - Mr. 16,11,2011
5q9EcrbRPXsrVVrRyIH8gR,6vXTefBL93Dj5IqAWq6OTv,Coke Boys Tour,25,2010-10-20
47fRnYCk13PNR7xSY4ikOX,6vXTefBL93Dj5IqAWq6OTv,Coke Boys,28,2010-09-15
2PpxxoArVS7VEVhZlSOhY1,6vXTefBL93Dj5IqAWq6OTv,Coke Wave 2,22,2010-09-07
72nWp7Nzops5TbonDkj8ch,6vXTefBL93Dj5IqAWq6OTv,Cocaine Konvicts,23,2009-09-07
3nRP1rcJVLhFkoKO9ArUHS,6vXTefBL93Dj5IqAWq6OTv,Goon Music 2.0,20,2009-05-05
1J6cnvBcyU2Sjl9UZCOlBb,6vXTefBL93Dj5IqAWq6OTv,French Revolution,21,2007-09-04
7rmnGDfffE9OoCScZ4pjjU,6vXTefBL93Dj5IqAWq6OTv,Twisted (feat. Logic & A$AP Rocky),63,2019-10-11
2ellIuTAeZqsBDVqGpNe9R,1ShZZUjkbXCjhwrb18BA8I,Carnival,61,2019-07-26
6T8tuMwsp0Kl038D4kh2dM,6t1gpxYbY8OlLA7D2RiikQ,I'm Not Alright (Zack Martino Remix),33,2019-11-01
32pymnY1Z0ksGiP00gHtKu,6t1gpxYbY8OlLA7D2RiikQ,I'm Not Alright (Frank Walker Remix),30,2019-10-04
3aRRor1NBGd6zdgAplWM43,6t1gpxYbY8OlLA7D2RiikQ,I'm Not Alright (EDX's Dubai Skyline Remix),41,2019-09-13
6G8pXdDUY8s871Z7pLXu2Y,1ShZZUjkbXCjhwrb18BA8I,La La Land (feat. OVAN),36,2019-09-05
3AaYBMcqoBYcZLfBsNDLri,6t1gpxYbY8OlLA7D2RiikQ,I'm Not Alright,49,2019-07-12
7LaDHF5PnBVAgLVTcczi94,6t1gpxYbY8OlLA7D2RiikQ,I'm Not Alright,19,2019-07-12
2UfIYmCJf5pvhiaYH8X0fK,1ShZZUjkbXCjhwrb18BA8I,La La Land EP,61,2019-07-05
3vZmHuUzOwNEiWabjxY7zt,1ShZZUjkbXCjhwrb18BA8I,La La Land,48,2019-06-07
6qIMguHB7RbQNQuJXSDTnS,1ShZZUjkbXCjhwrb18BA8I,La La Land (feat. YG) [ARKADI Remix],33,2019-05-24
0uEsmL4LP4fOPwa5ZVXICS,1ShZZUjkbXCjhwrb18BA8I,La La Land (feat. YG),56,2019-03-01
3FU1R1Z2BpkQJbnZnh4vyV,5KnoVkIUGmK0PiDKMjz2LM,Control (feat. Bryce Vine & Dan Caplen),51,2018-11-23
5MirZPdM7d3AxK2ydiHeuB,1ShZZUjkbXCjhwrb18BA8I,Drew Barrymore EP,40,2018-08-17
6jiCRHd8yYXOQbCTwlwm0b,1ShZZUjkbXCjhwrb18BA8I,On the Ball,47,2018-06-22
6lU3bb8FhDHYkZKfZorLha,1ShZZUjkbXCjhwrb18BA8I,Drew Barrymore (feat. Wale),46,2018-05-11
5PPDA9I1d0sl1NMbb7Pj5b,1ShZZUjkbXCjhwrb18BA8I,Drew Barrymore,64,2017-12-01
09x6uS52WV70uys3Kw19o7,1ShZZUjkbXCjhwrb18BA8I,Bella (feat. Emma Zander),53,2017-11-30
7KJdMwLiBo8q4tZSYZvhMV,1ShZZUjkbXCjhwrb18BA8I,The Fall,43,2016-09-30
2muUrs6EQW9noSDzHpnLZY,1ShZZUjkbXCjhwrb18BA8I,The Fall,44,2016-09-30
5UOImThFBmntV6lpCllNFU,1ShZZUjkbXCjhwrb18BA8I,Sunflower Seeds,55,2016-08-26
7dQ734EW0iLvQfF6vBFNiZ,5CiGnKThu5ctn9pBxv7DGa,FRIENDS KEEP SECRETS,74,2018-12-07
669dgT2kmrAMrrPaEEHWyE,5CiGnKThu5ctn9pBxv7DGa,Graduation (with Juice WRLD),72,2019-08-30
2IUVG5x1G7l0TW1LA61Eyy,5CiGnKThu5ctn9pBxv7DGa,I Can’t Get Enough (benny blanco, Selena Gomez, J Balvin, Tainy),71,2019-02-28
1LQCzEUoXIGLH9qLfsV7Ur,5CiGnKThu5ctn9pBxv7DGa,I Found You / Nilda’s Story (with Calvin Harris & Miguel),53,2019-01-04
1L5crFW0oLBfmg007gKzxx,5CiGnKThu5ctn9pBxv7DGa,Roses (with Juice WRLD feat. Brendon Urie),65,2018-12-05
0289KRg78G6kSjE9tx9sqE,5CiGnKThu5ctn9pBxv7DGa,Better To Lie (with Jesse & Swae Lee),44,2018-11-30
3jfSJj7tHJxk1a4i2KZt9F,5CiGnKThu5ctn9pBxv7DGa,I Found You (with Calvin Harris),63,2018-11-02
6T3cWvfXW2hSV27SENATUk,5CiGnKThu5ctn9pBxv7DGa,Eastside (with Halsey & Khalid) [Acoustic],53,2018-08-17
7pkLXlFdpQDfmHujT2AbBK,5CiGnKThu5ctn9pBxv7DGa,Eastside (with Halsey & Khalid),75,2018-07-12
4ABOKRlC2AZWJ3TPiFUw8r,6baWjwY7WiVPCZcW7pqqhz,Don't Wait (Remixes),39,2014-05-23
6A1F3Fkq5dYeYYNkXflcTX,23zg3TcAtWQy7J6upgbUnj,Raymond v Raymond (Expanded Edition),72,2010-03-30
5GhKGrFaw4V1oSvnkHmn2s,3fMbdgg4jU18AjLCKBhRSm,Michael Jackson: The Complete Remix Suite,36,2009-10-20
0llyIxX3nDC3hobbGibVZl,0c173mlxpT3dSFRgMO8XPh,Double Or Nothing (& Metro Boomin),66,2017-12-08
0XAIjjN5qxViVS0Y5fYkar,0c173mlxpT3dSFRgMO8XPh,I Decided.,73,2017-02-03
4Nlbt2EuXedr6UqaeXEI4c,0c173mlxpT3dSFRgMO8XPh,Dark Sky Paradise (Deluxe),58,2015-02-24
1j2x7FJXTgUT0X5hZ8TDXE,0c173mlxpT3dSFRgMO8XPh,Dark Sky Paradise,71,2015-02-24
4TQQatT1Z2q4iIPcja4zGB,0c173mlxpT3dSFRgMO8XPh,Good Music Chicago,27,2013-02-19
2kSTssn90EgrYWNlWZJ9r4,0c173mlxpT3dSFRgMO8XPh,Hall Of Fame (Deluxe),51,2013-01-01
6YxrEdw7cMY72Y1nLOkl3n,0c173mlxpT3dSFRgMO8XPh,Hall Of Fame (Deluxe),33,2013-01-01
3j5e6ptSj2JQeI169yH0lh,0c173mlxpT3dSFRgMO8XPh,Hall Of Fame,30,2013-01-01
4GZRT7uSmZOmmp3iEsFuj7,0c173mlxpT3dSFRgMO8XPh,Hall Of Fame,25,2013-01-01
19DGkH750PrQMMnKqBAxfY,0c173mlxpT3dSFRgMO8XPh,Finally Famous (Deluxe),57,2011-01-01
2fRLnox9PQ9nos2YYdcYwE,0c173mlxpT3dSFRgMO8XPh,Finally Famous,53,2011-01-01
6UgZHNJFfmKLSGLuW9T114,0c173mlxpT3dSFRgMO8XPh,Bezerk,70,2019-08-26
5p2FvVIJp1C8VmvAjRRpmJ,0c173mlxpT3dSFRgMO8XPh,Bezerk,41,2019-08-26
0AIFISfeloajgVP5fB9ulV,0c173mlxpT3dSFRgMO8XPh,Single Again,66,2019-07-26
7JnRw2TyqBA2qEXGZZ5Za5,0c173mlxpT3dSFRgMO8XPh,Overtime,58,2019-07-24
14kA1eCiPtbDjehcLkhWIX,0QHgL1lAIqAw0HtD7YldmP,Jealous (feat. Lil Wayne),36,2019-05-10
5xwYcyBAqC5r1rYImYxwQo,3ScY9CQxNLQei8Umvpx5g6,Momma,34,2018-05-11
1Nu5sr7MKZN56HDBM0mf9o,3ScY9CQxNLQei8Umvpx5g6,Momma,9,2018-05-11
4z8JdeIbYDCn6pes0kIc1j,26VFTg2z8YR0cCuwLzESi2,Alone (Remixes) (Feat. Big Sean & Stefflon Don),49,2018-05-04
0D6QY2HNsCIFcL636qePwj,0NWbwDZY1VkRqFafuQm6wk,Aries (YuGo) Part 2 (with Rae Sremmurd & Big Sean feat. Quavo & Pharrell),55,2018-03-29
6KZVR6dQUk0o81tgmECV1h,5i4BaWy8YIun1u3RXwmlWn,say it back,48,2019-09-04
11Qj26GALY0xPZOn5Ser00,5i4BaWy8YIun1u3RXwmlWn,she's no angel,59,2018-11-01
70MPfXExA0exvxma2bvref,5i4BaWy8YIun1u3RXwmlWn,do u even miss me at all?,66,2019-10-04
6hu4FQJzWo1q2WH04wEfVv,5i4BaWy8YIun1u3RXwmlWn,do u even miss me at all?,33,2019-10-04
2pf29yneZL9O5t38ClGyWI,5i4BaWy8YIun1u3RXwmlWn,dangerous,39,2019-08-30
2MSkmPSKYiqQu1G7Av79hk,5i4BaWy8YIun1u3RXwmlWn,no games,33,2019-08-21
02YJ12w2iyEcaNM2hqOAPu,5i4BaWy8YIun1u3RXwmlWn,señorita,35,2019-07-30
4CIjk3I5h7vuS0DKARuV0H,5i4BaWy8YIun1u3RXwmlWn,maliboo,34,2019-06-20
6aJMdMFZtR0VpU2BmXzV6O,5Z5jUyiNvFaqp0EVyLNf0p,Top Ten,26,2019-06-01
4RRTXf3WFRMFisOipYMDvE,5i4BaWy8YIun1u3RXwmlWn,how u get,34,2019-05-22
6UvHwryxvtcy7aYS4giGF6,5i4BaWy8YIun1u3RXwmlWn,close,39,2019-01-24
2Re2YtfK9vnEIginPskARB,5i4BaWy8YIun1u3RXwmlWn,5 shots,49,2018-06-21
3ImdFZIU5i3Ic2vt5vJMqO,5i4BaWy8YIun1u3RXwmlWn,used to it,29,2018-03-21
4pXD2K3TXeXznXYLuQsCV8,5i4BaWy8YIun1u3RXwmlWn,hit my line,34,2017-12-18
6g4PG10en2YSHQuiVrwY21,5i4BaWy8YIun1u3RXwmlWn,independent,38,2017-11-08
6hrla5I0TF37GCm9Wim8Ja,5i4BaWy8YIun1u3RXwmlWn,pop a pill,58,2017-10-18
2s45ZUZ1LplKiSeh3JBtPQ,5i4BaWy8YIun1u3RXwmlWn,wave,51,2017-09-04
4ed25dBfTzZwXrDDY4zRrB,5i4BaWy8YIun1u3RXwmlWn,jealous,48,2017-06-13
0JeYnRGp1pgcy2MKgjSP31,5i4BaWy8YIun1u3RXwmlWn,backstreet boy meets world,43,2017-02-21
5JjfzGpKjAXhEyXLqmfS09,5i4BaWy8YIun1u3RXwmlWn,lax,31,2017-02-06
4dLLebdeyxmLDUOmUgmkEg,1pPmIToKXyGdsCF6LmqLmI,Rich Forever 4,60,2019-08-02
6GDXnx6AUDGH0tpxXQX0Kn,1pPmIToKXyGdsCF6LmqLmI,The World Is Yours 2,73,2019-03-22
1Hno6CtKbaFNAEPjRHDrc6,1pPmIToKXyGdsCF6LmqLmI,The World Is Yours,73,2018-03-30
29ljL5QvYMhy07hjzhSG4y,1pPmIToKXyGdsCF6LmqLmI,Go Up (feat. Roddy Ricch),56,2019-07-12
6krJbTQFsYKWdXJJa1WCYr,1pPmIToKXyGdsCF6LmqLmI,Party Bus,51,2019-06-28
434dmcn4qR3gcSJtYe5u0y,1gB3jZtQlMrqWXzuLJ4zEK,No Texting,29,2019-06-14
2V0oRqTrgat2MBLSYkWbno,2zJoKYyLmhvsq3ORbXE7xF,Gods Plan,25,2019-05-22
5gj88AvRakDbbIUtC7cDzZ,2jku7tDXc6XoB6MO2hFuqg,TAlk tO Me (with Rich The Kid feat. Lil Wayne) [Remix],65,2018-11-27
3pyOkSvt5c8AV6gkzpjUhG,1pPmIToKXyGdsCF6LmqLmI,Mo Paper,40,2018-10-26
6fhVMiSDpLcRlrJxaZQtm3,1fctva4kpRbg2k3v7kwRuS,Pablo (with Sfera Ebbasta & Rich The Kid feat. Moneybagg Yo & Lil Baby) [Remix],43,2018-10-12
0pSoTEjs0sMEUoyhUijJtL,1ackd5XprZEkH3McKbQD51,Echa Pa Aca,43,2018-08-03
5y7sMLGA4Jx2ZrCPWv8qSV,1pPmIToKXyGdsCF6LmqLmI,Plug Walk (feat. Gucci Mane, YG, 2Chainz) [Remix],52,2018-06-20
25YtPJhzR7wT9Q45yhP8Gn,1pPmIToKXyGdsCF6LmqLmI,Bring It Back,44,2018-06-08
0K8Sws5s2UwX84hHcM5Apf,1pPmIToKXyGdsCF6LmqLmI,Plug Walk (feat. Ufo361) [Ufo361 Remix],40,2018-06-08
1dijBQRDsHMKMoHuWwiiiH,1pPmIToKXyGdsCF6LmqLmI,Plug Walk (feat. Leafs) [Leafs Remix],22,2018-06-01
1CV8lzOtKUjZ1sb6Ydb7hG,1pPmIToKXyGdsCF6LmqLmI,Plug Walk (with Mabel) [Mabel Remix],34,2018-05-11
4r0VDhXbzNo653zkxFwbL8,1pPmIToKXyGdsCF6LmqLmI,Back Quick,25,2018-03-21
6bGLqYUke9n0xDZQdpn18p,3EXdLajEO02ziZ90P90bSW,Betrayed (Remix),35,2018-03-15
2SiJ7pTCItRaK4YwAvT42v,7DuTB6wdzqFJGFLSH17k8e,Hi Bich (Remix) [feat. YBN Nahmir, Rich The Kid and Asian Doll],43,2018-01-16
4kC70c9QkTCmHaXq7Z4cpE,1pPmIToKXyGdsCF6LmqLmI,Cookies & Sherbert,33,2017-08-25
